epoch,time,train/box_loss,train/cls_loss,train/dfl_loss,metrics/precision(B),metrics/recall(B),metrics/mAP50(B),metrics/mAP50-95(B),val/box_loss,val/cls_loss,val/dfl_loss,lr/pg0,lr/pg1,lr/pg2,lr/pg3,lr/pg4,lr/pg5,lr/pg6,lr/pg7
1,81.1298,0.98015,3.00289,1.13668,0.00902,1,0.46066,0.36314,0.56556,2.84623,0.88826,0.00060012,0.00020004,0.00060012,0.00020004,0.00060012,0.00020004,0.00060012,0.00020004
2,172.88,0.8131,2.91521,1.0862,0.0081,1,0.51474,0.41845,0.56793,2.83548,0.88519,0.0012255,0.000408498,0.0012255,0.000408498,0.0012255,0.000408498,0.0012255,0.000408498
3,259.807,0.70408,2.73679,1.02307,0.00793,1,0.5794,0.49501,0.56045,2.78,0.87796,0.00182512,0.000608375,0.00182512,0.000608375,0.00182512,0.000608375,0.00182512,0.000608375
4,340.805,0.65928,2.39709,0.99616,0.00807,1,0.6089,0.5219,0.54858,2.60987,0.87154,0.00239901,0.00079967,0.00239901,0.00079967,0.00239901,0.00079967,0.00239901,0.00079967
5,424.126,0.64968,2.00763,0.99872,0.9548,0.40481,0.59316,0.50019,0.54262,2.29722,0.86198,0.00294715,0.000982383,0.00294715,0.000982383,0.00294715,0.000982383,0.00294715,0.000982383
6,545.316,0.62545,1.59674,0.958,0.55041,0.74824,0.64028,0.5503,0.5654,1.7842,0.88487,0.00346954,0.00115651,0.00346954,0.00115651,0.00346954,0.00115651,0.00346954,0.00115651
7,633.193,0.62777,1.43039,0.97495,0.58894,0.75926,0.68706,0.56546,0.56577,1.60111,0.88912,0.00396619,0.00132206,0.00396619,0.00132206,0.00396619,0.00132206,0.00396619,0.00132206
8,722.686,0.62306,1.17821,0.95261,0.47288,0.85185,0.61413,0.52373,0.55318,1.40964,0.87944,0.00430786,0.00143595,0.00430786,0.00143595,0.00430786,0.00143595,0.00430786,0.00143595
9,873.358,0.60671,1.16399,0.94924,0.49272,0.92593,0.6183,0.52713,0.56245,1.14317,0.87585,0.00420884,0.00140295,0.00420884,0.00140295,0.00420884,0.00140295,0.00420884,0.00140295
10,957.016,0.62796,1.11157,0.95645,0.5201,0.98148,0.64209,0.5534,0.53848,1.00693,0.86818,0.00410982,0.00136994,0.00410982,0.00136994,0.00410982,0.00136994,0.00410982,0.00136994
11,1038.6,0.58517,0.97412,0.93009,0.68791,0.98148,0.79601,0.67192,0.55707,0.94076,0.87888,0.0040108,0.00133693,0.0040108,0.00133693,0.0040108,0.00133693,0.0040108,0.00133693
12,1113.78,0.5752,1.02624,0.93789,0.93616,0.96296,0.97241,0.82085,0.56785,0.85215,0.8897,0.00391178,0.00130393,0.00391178,0.00130393,0.00391178,0.00130393,0.00391178,0.00130393
13,1205.55,0.56309,0.92171,0.94208,0.9763,0.98148,0.99322,0.83686,0.58431,0.78462,0.89039,0.00381276,0.00127092,0.00381276,0.00127092,0.00381276,0.00127092,0.00381276,0.00127092
14,1283.48,0.57477,0.86156,0.93976,0.99709,0.9981,0.995,0.85665,0.55438,0.74379,0.88132,0.00371374,0.00123791,0.00371374,0.00123791,0.00371374,0.00123791,0.00371374,0.00123791
15,1359.52,0.58391,0.86168,0.94177,0.9962,0.98148,0.99397,0.84254,0.55321,0.71889,0.88565,0.00361472,0.00120491,0.00361472,0.00120491,0.00361472,0.00120491,0.00361472,0.00120491
16,1436.8,0.57294,0.78192,0.92374,0.9974,0.98148,0.99306,0.8401,0.58232,0.68776,0.89002,0.0035157,0.0011719,0.0035157,0.0011719,0.0035157,0.0011719,0.0035157,0.0011719
17,1519.51,0.57244,0.80457,0.96378,0.9982,0.98148,0.99397,0.84551,0.55613,0.65645,0.89047,0.00341668,0.00113889,0.00341668,0.00113889,0.00341668,0.00113889,0.00341668,0.00113889
18,1595.53,0.56086,0.76021,0.9262,0.99805,1,0.995,0.83779,0.57138,0.66302,0.8872,0.00331766,0.00110589,0.00331766,0.00110589,0.00331766,0.00110589,0.00331766,0.00110589
19,1671.62,0.53522,0.69091,0.90543,0.99811,1,0.995,0.84213,0.56019,0.6491,0.88275,0.00321864,0.00107288,0.00321864,0.00107288,0.00321864,0.00107288,0.00321864,0.00107288
20,1747.19,0.56937,0.73819,0.92753,0.99859,1,0.995,0.85119,0.54149,0.63893,0.88238,0.00311962,0.00103987,0.00311962,0.00103987,0.00311962,0.00103987,0.00311962,0.00103987
21,1825.51,0.54452,0.68559,0.91773,0.99809,1,0.995,0.85236,0.54995,0.64702,0.88454,0.0030206,0.00100687,0.0030206,0.00100687,0.0030206,0.00100687,0.0030206,0.00100687
22,1901.15,0.51541,0.71388,0.91624,0.99638,1,0.995,0.85561,0.54394,0.6413,0.88698,0.00292158,0.000973861,0.00292158,0.000973861,0.00292158,0.000973861,0.00292158,0.000973861
23,1976.53,0.53379,0.70646,0.91257,0.99723,1,0.995,0.85448,0.54449,0.62706,0.89069,0.00282256,0.000940855,0.00282256,0.000940855,0.00282256,0.000940855,0.00282256,0.000940855
24,2052.25,0.54867,0.68634,0.92738,0.99786,1,0.995,0.85524,0.54799,0.61949,0.89183,0.00272354,0.000907848,0.00272354,0.000907848,0.00272354,0.000907848,0.00272354,0.000907848
25,2128.84,0.52573,0.64367,0.91679,0.99777,1,0.995,0.84821,0.53853,0.60347,0.89156,0.00262452,0.000874842,0.00262452,0.000874842,0.00262452,0.000874842,0.00262452,0.000874842
26,2208.31,0.549,0.63767,0.89819,0.997,1,0.995,0.8603,0.53907,0.5955,0.88804,0.0025255,0.000841835,0.0025255,0.000841835,0.0025255,0.000841835,0.0025255,0.000841835
27,2283.27,0.49603,0.62401,0.90556,0.99758,1,0.995,0.85321,0.54815,0.60034,0.88874,0.00242649,0.000808828,0.00242649,0.000808828,0.00242649,0.000808828,0.00242649,0.000808828
28,2358.46,0.52678,0.61988,0.91884,0.99857,1,0.995,0.85678,0.5547,0.59452,0.88726,0.00232747,0.000775822,0.00232747,0.000775822,0.00232747,0.000775822,0.00232747,0.000775822
29,2433.94,0.52207,0.62761,0.91591,0.99869,1,0.995,0.86523,0.55373,0.58123,0.88304,0.00222845,0.000742815,0.00222845,0.000742815,0.00222845,0.000742815,0.00222845,0.000742815
30,2509.18,0.50984,0.6067,0.90844,0.99793,1,0.995,0.8602,0.54463,0.56942,0.88138,0.00212943,0.000709809,0.00212943,0.000709809,0.00212943,0.000709809,0.00212943,0.000709809
31,2583.43,0.49961,0.59936,0.90236,0.99739,1,0.995,0.85788,0.54252,0.57253,0.88259,0.00203041,0.000676802,0.00203041,0.000676802,0.00203041,0.000676802,0.00203041,0.000676802
32,2658.2,0.50446,0.63937,0.90254,0.99685,1,0.995,0.85634,0.53099,0.56411,0.88015,0.00193139,0.000643795,0.00193139,0.000643795,0.00193139,0.000643795,0.00193139,0.000643795
33,2734.37,0.48773,0.60921,0.89607,0.99679,1,0.995,0.85316,0.53916,0.56006,0.87575,0.00183237,0.000610789,0.00183237,0.000610789,0.00183237,0.000610789,0.00183237,0.000610789
34,2808.61,0.50465,0.60964,0.90546,0.99707,1,0.995,0.85296,0.54446,0.55828,0.87761,0.00173335,0.000577782,0.00173335,0.000577782,0.00173335,0.000577782,0.00173335,0.000577782
35,2882.89,0.48505,0.58407,0.87765,0.99751,1,0.995,0.85475,0.54314,0.55685,0.8774,0.00163433,0.000544776,0.00163433,0.000544776,0.00163433,0.000544776,0.00163433,0.000544776
36,2957.57,0.48737,0.58537,0.89953,0.99777,1,0.995,0.86167,0.54616,0.55397,0.87691,0.00153531,0.000511769,0.00153531,0.000511769,0.00153531,0.000511769,0.00153531,0.000511769
37,3032.04,0.50178,0.57253,0.90319,0.99754,1,0.995,0.86093,0.53264,0.54935,0.87679,0.00143629,0.000478762,0.00143629,0.000478762,0.00143629,0.000478762,0.00143629,0.000478762
38,3107.13,0.48597,0.58675,0.90195,0.99763,1,0.995,0.85767,0.53094,0.54172,0.87834,0.00133727,0.000445756,0.00133727,0.000445756,0.00133727,0.000445756,0.00133727,0.000445756
39,3181.01,0.49806,0.58954,0.89812,0.99776,1,0.995,0.85441,0.53475,0.53829,0.87917,0.00123825,0.000412749,0.00123825,0.000412749,0.00123825,0.000412749,0.00123825,0.000412749
40,3255.26,0.48977,0.57617,0.89266,0.9978,1,0.995,0.85121,0.5382,0.53605,0.87962,0.00113923,0.000379743,0.00113923,0.000379743,0.00113923,0.000379743,0.00113923,0.000379743
41,3335.21,0.44489,0.78544,0.85992,0.9978,1,0.995,0.85096,0.53014,0.53251,0.87753,0.00104021,0.000346736,0.00104021,0.000346736,0.00104021,0.000346736,0.00104021,0.000346736
42,3409.35,0.42695,0.73867,0.83814,0.99783,1,0.995,0.86347,0.53306,0.54054,0.87702,0.000941188,0.000313729,0.000941188,0.000313729,0.000941188,0.000313729,0.000941188,0.000313729
43,3484.25,0.43977,0.72617,0.84753,0.9978,1,0.995,0.86163,0.53517,0.55121,0.87286,0.000842168,0.000280723,0.000842168,0.000280723,0.000842168,0.000280723,0.000842168,0.000280723
44,3558.57,0.42959,0.7352,0.85136,0.99761,1,0.995,0.87026,0.52746,0.54975,0.87031,0.000743149,0.000247716,0.000743149,0.000247716,0.000743149,0.000247716,0.000743149,0.000247716
45,3634.38,0.42863,0.71408,0.83606,0.99755,1,0.995,0.86472,0.52363,0.54843,0.87121,0.000644129,0.00021471,0.000644129,0.00021471,0.000644129,0.00021471,0.000644129,0.00021471
46,3707.87,0.41919,0.72521,0.84582,0.99777,1,0.995,0.86008,0.52465,0.54579,0.87118,0.000545109,0.000181703,0.000545109,0.000181703,0.000545109,0.000181703,0.000545109,0.000181703
47,3781.73,0.43573,0.7037,0.84969,0.99798,1,0.995,0.86369,0.52653,0.53806,0.87077,0.000446089,0.000148696,0.000446089,0.000148696,0.000446089,0.000148696,0.000446089,0.000148696
48,3855.8,0.41389,0.70165,0.8432,0.99797,1,0.995,0.86044,0.53106,0.53357,0.87223,0.000347069,0.00011569,0.000347069,0.00011569,0.000347069,0.00011569,0.000347069,0.00011569
49,3930.79,0.42048,0.69028,0.85591,0.99793,1,0.995,0.86136,0.53254,0.53108,0.87278,0.00024805,8.26832e-05,0.00024805,8.26832e-05,0.00024805,8.26832e-05,0.00024805,8.26832e-05
50,4004.89,0.42686,0.69678,0.85356,0.99799,1,0.995,0.86048,0.53334,0.52873,0.87323,0.00014903,4.96766e-05,0.00014903,4.96766e-05,0.00014903,4.96766e-05,0.00014903,4.96766e-05
